0,1,2,3,4,5,6,7,8,9,10,11,12,13,14,15,16,17,18,19,20,21,22,23,24,25,26,27,28,29,30,31,32,33,34,35,36,37,38,39,40,41,42,43,44,45,46,47,48,49,50,51,52,53,54,55,56,57,58,59,60,61,62,63,64,65,66,67,68,69,70,71,72,73,74,75,76,77,78,79,80,81,82,83,84,85,86,87,88,89,90,91,92,93,94,95,96,97,98,99,100,101,102,103,104,105,106,107,108,109,110,111,112,113,114,115,116,117,118,119,120,121,122,123,124,125,126,127,128,129,130,131,132,133,134,135,136,137,138,139,140,141,142,143,144,145,146,147,148,149,150,151,152,153,154,155,156,157,158,159,160,161,162,163,164,165,166,167,168,169,170,171,172,173,174,175,176,177,178,179,180,181,182,183,184,185,186,187,188,189,190,191,192,193,194,195,196,197,198,199,200,201,202,203,204,205,206,207,208,209,210,211,212,213,214,215,216,217,218,219,220,221,222,223,224,225,226,227,228,229,230,231,232,233,234,235,236,237,238,239,240,241,242,243,244,245,246,247,248,249,250,251,252,253,254,255
0.0,1.096343,0.0,0.15134175,0.3627745,0.0,0.118558444,0.0,0.0,0.0,0.0,0.0023694455,0.19133064,0.25140205,0.0,0.0,0.20161436,0.4523364,0.6217851,1.5100486,0.0,0.0,0.0,0.42463267,0.0,0.0,0.0,0.0,0.0,0.22112212,0.5521062,1.4080902,1.4749479,0.12706055,0.0,0.2048505,1.9236907,0.20432505,0.8741092,0.0,0.0,0.1955277,0.85723025,1.9134386,0.0,0.12651402,0.011114685,0.0,0.5435052,0.0,0.066501945,0.0,1.7515626,0.0,0.85953605,0.0,0.9454771,0.0,0.0,0.0,1.7760202,0.0,0.0,0.0,0.0,0.0,0.14604104,1.0452975,0.0,0.0,0.0,1.4241755,0.0,0.0,0.0,0.0,0.0,0.0,0.0,0.0,0.17468132,0.0,0.0,0.66508156,0.6948279,0.17724147,0.68382937,0.9772568,2.7737472,0.0,0.33443934,0.0,0.0,1.0175424,0.0,0.6472757,0.0,0.0,0.0,0.52130634,0.0,0.0,0.0,0.057059646,0.0,0.0,0.0,0.0,0.0,1.6583232,0.0,0.8181134,0.08946956,0.030293472,0.0,0.42359394,1.2958094,0.0,0.0,0.0,0.06990551,0.12642549,0.47960988,0.0,1.2056218,0.34515327,0.12081443,0.0,0.41137913,0.0,0.121246345,0.0,0.0,0.2919151,0.0,0.0,0.0,0.0,0.0,0.7086338,0.163759,0.0,0.0,0.0,0.026459543,0.0,0.524703,0.0,2.185376,0.75494313,0.0,0.0,0.000918149,0.05465156,0.0,0.0,0.058463614,0.0,0.0,0.030505154,0.0,9.351926,0.0,0.0,0.9315021,0.0,0.0,0.03577114,0.11383038,0.0,0.0,0.0,0.0,2.1726246,0.0,0.0,0.0,0.020956779,1.0979484,0.3755802,0.0,0.7911368,0.0,0.0,0.1887595,2.3134882,0.0,0.0,0.0,0.6271869,0.0,0.0,0.0,0.0,0.0,0.0,2.3913033,0.0,0.0,0.0,0.0,1.0095823,0.0,1.0971179,0.0,0.030267972,0.0,0.0,1.1431738,0.8454843,0.0,0.0,0.0,0.40989816,0.0,0.050061285,0.21013464,0.0,0.22484702,0.0,0.267664,0.0,0.0,0.0,0.0,0.47786018,0.0,0.16464657,0.0,0.336749,0.23699723,0.8551673,0.0,0.87363166,2.35826,0.0,0.0,0.024937255,0.0,0.011098803,0.8672906,0.0,0.0,0.7993493,0.0,0.0,1.2716408,0.0,0.25758833,0.0,1.0223851,0.0,2.2926033,0.19060092,0.31923276,0.0
0.0,1.3704919,0.0,0.010238551,0.37949336,0.0,0.11909007,0.0,0.0,0.0,0.0,0.0042234203,0.060363322,0.4023783,0.0,0.0,0.056063436,0.49372792,0.4750144,1.4302015,0.0,0.0,0.0,0.41269565,0.0,0.0,0.027442291,0.09206945,0.0,0.41176477,0.67673796,1.7022545,1.5986291,0.1852106,0.0,0.22464474,1.9688044,0.2634195,1.0163015,0.0,0.0,0.25897077,0.9682322,2.0598814,0.0,0.1873645,0.086808346,0.0,0.5549802,0.0,0.033595353,0.0,1.9121724,0.0,0.9833558,0.0,1.036808,0.0,0.0,0.14949402,1.747998,0.0,0.0,0.0,0.0,0.0,0.13709846,1.0021423,0.0,0.0,0.0,1.433107,0.0,0.0,0.0,0.0,0.0,0.0,0.0,0.0,0.17332026,0.0,0.0,0.67205614,0.6854004,0.231145,0.77454025,1.1013981,2.775249,0.0,0.48382017,0.0,0.0,1.0280797,0.0,0.49739242,0.0,0.0,0.0,0.65633374,0.0,0.0,0.04677135,0.016092988,0.0023876359,0.0,0.0,0.0,0.0,1.6599576,0.0,0.9997194,0.046006307,0.0,0.082079165,0.41422454,1.2587199,0.0,0.0,0.0,0.06042961,0.15707119,0.55035394,0.0,1.2879632,0.34766456,0.14000823,0.0,0.33978516,0.08473196,0.101623364,0.0,0.0,0.2950772,0.0,0.0,0.0,0.0,0.0,0.78948593,0.22257543,0.0,0.0,0.0,0.0715525,0.0,0.45562935,0.0,2.4658782,0.7395777,0.0,0.0,0.0,0.017692363,0.0,0.0,0.10270969,0.0,0.0,0.0,0.0,7.842661,0.0,0.0,1.0711683,0.0,0.0,0.12834118,0.1855862,0.0,0.0,0.0,0.0,2.371498,0.0,0.0,0.0,0.054474648,0.8345164,0.34008145,0.0,0.832427,0.0,0.0,0.29705185,2.3300464,0.0,0.0,0.0,0.7257748,0.0,0.0,0.0,0.0,0.0,0.0,2.384777,0.0,0.0,0.0,0.028027818,0.95057404,0.0,1.1249975,0.0,0.08949567,0.06211388,0.0,1.2701848,0.89029783,0.0,0.0,0.0,0.3796476,0.0,0.05747871,0.29218897,0.0,0.35475367,0.0,0.23115091,0.0,0.0,0.0,0.0,0.4619285,0.0,0.2078013,0.0,0.4902883,0.44652495,1.0482926,0.07733111,0.9530726,2.5599103,0.0,0.0,0.048630115,0.0,0.07365765,0.93107975,0.0,0.0,0.71519375,0.0,0.0,1.2873096,0.0,0.28584158,0.0,1.1155223,0.0,2.604439,0.07319725,0.35385028,0.0
0.0,0.30236104,0.0,0.31231976,0.24405055,0.0,0.18528476,0.0,0.0,0.0,0.0,0.019223578,0.39455763,0.3436426,0.0,0.0,0.17467557,0.66814613,0.88431877,1.8090328,0.0,0.0,0.0,0.4600261,0.0,0.0,0.0,0.0,0.0,0.0,0.2909406,0.4115645,1.2981095,0.022820828,0.0,0.39673102,1.8157138,0.34195864,0.18419291,0.0,0.0,0.08946228,0.82639366,1.2160453,0.0,0.151748,0.0,0.0,0.16526756,0.0,0.32453606,0.0,0.8793281,0.0,0.779794,0.0,0.33510235,0.0,0.0,0.011469152,1.5067914,0.0,0.0,0.0,0.0,0.0,0.06286896,1.4680651,0.0,0.0,0.0,1.263168,0.0,0.0,0.0,0.0,0.0,0.0,0.0,0.0,0.0,0.0,0.0,0.25428176,0.87900877,0.16792978,0.76368654,0.11149518,2.9751956,0.010544304,0.06923579,0.0,0.0,0.9965141,0.0,0.9758366,0.0,0.0,0.0,0.2982523,0.0,0.0,0.0,0.0,0.0,0.0,0.0,0.0,0.0,1.2138019,0.0,0.36309028,0.09256769,0.3591477,0.0938231,0.0802454,1.0120753,0.0,0.0,0.0,0.0,0.0,0.23125388,0.053104542,0.84950846,0.21006769,0.23832649,0.0,0.5338149,0.007416798,0.17420329,0.39046776,0.008675373,0.08768848,0.0,0.0,0.0,0.0,0.4093939,0.11879457,0.069138944,0.0,0.0,0.0,0.0,0.0,0.6826264,0.0,0.93463016,0.8317425,0.0,0.0,0.17614512,0.0,0.0,0.014778097,0.015699422,0.0,0.0,0.24392302,0.0,12.521263,0.0,0.0,0.44473165,0.0,0.0,0.0017818791,0.16133319,0.0,0.0,0.0,0.0,1.8124121,0.0,0.0,0.14875934,0.0,1.8096168,0.42197326,0.0,0.8746666,0.0,0.0,0.022798,1.3788536,0.0,0.0,0.0,0.35793984,0.0,0.0,0.0,0.0,0.0,0.0,2.4799325,0.0,0.0502661,0.0,0.0,0.93071693,0.0,0.79213744,0.0,0.0051281317,0.014327245,0.0,0.680238,0.5383234,0.0,0.0,0.0,0.17020962,0.0,0.0028168976,0.09332938,0.0,0.08168944,0.0,0.57441485,0.0,0.0,0.0,0.0,0.7610338,0.0,0.07236767,0.0,0.17327192,0.0421058,0.32237747,0.0,0.38176107,1.2284149,0.0,0.0,0.0,0.0,0.0,0.61122185,0.0,0.0,0.7747185,0.0,0.0,1.1333033,0.0,0.0661373,0.0,0.57739234,0.0,1.0877732,0.24958947,0.47387156,0.0
0.0,0.84592855,0.0,0.0,0.18074904,0.0,0.0,0.39503452,0.0,0.0,0.0,0.04634493,0.044531446,0.07598488,0.0,0.0,0.448337,0.39557415,0.48144144,1.6000863,0.0,0.0,0.0,0.50506395,0.0,0.0,0.10406548,0.004074023,0.0,0.23441662,0.6313337,0.9523515,1.6627412,0.077916324,0.0,0.16859256,1.6536039,0.45581952,0.6507396,0.0,0.0,0.2459837,0.6918598,1.5465051,0.0,0.01212147,0.025727509,0.0,0.34471467,0.0,0.16726995,0.0,1.2690458,0.0,0.7650667,0.0,0.5861468,0.0,0.0,0.09684534,1.3571221,0.0,0.0,0.0,0.0,0.0,0.04562168,1.3681412,0.0,0.0,0.0,1.483875,0.0,0.0,0.0,0.0,0.0,0.0,0.0,0.0,0.058237143,0.0,0.0,0.52647054,0.5163904,0.05664781,0.53512543,0.5391591,2.7648442,0.0,0.34602585,0.0,0.0,1.063095,0.0,0.15448178,0.0,0.0,0.0,0.51464576,0.0,0.0,0.0,0.0,0.0,0.0,0.0,0.0,0.0,1.3526628,0.0,0.6721119,0.06361881,0.0,0.0,0.23666771,1.0546365,0.0,0.0,0.0,0.0,0.08385719,0.46288872,0.28308168,1.4615175,0.3375726,0.096145056,0.0,0.2633208,0.002595005,0.066950455,0.0,0.0,0.19266297,0.0,0.0,0.0,0.0,0.1113513,0.5578781,0.015880175,0.0,0.0,0.0,0.0,0.0,0.44087994,0.0,1.5582857,0.6311294,0.0,0.0,0.0,0.09366628,0.0,0.0,0.068436496,0.0,0.0,0.0,0.0,11.728798,0.0,0.0,0.76120025,0.0,0.0,0.029505204,0.11964791,0.0,0.0,0.0,0.0,2.103211,0.0,0.0,0.0,0.0,1.2392185,0.18850851,0.0,0.78755355,0.0,0.0,0.19599357,1.6381742,0.0,0.0,0.0,0.4655274,0.0,0.0,0.0,0.0,0.0,0.0,2.6474905,0.0,0.0,0.0,0.15935917,1.6529076,0.0,0.8599707,0.0,0.05978603,0.0,0.0,1.0816866,0.5252431,0.0,0.0,0.0,0.29590744,0.0,0.0,0.12573698,0.0,0.06422724,0.0,0.009032801,0.0,0.0,0.0,0.0,0.33297125,0.0,0.1741988,0.0,0.35432816,0.21656762,0.7877409,0.021061542,0.6798405,1.9472504,0.0,0.0,0.04754796,0.0,0.054711103,0.74269134,0.0,0.0,0.5379682,0.0,0.0,1.4352134,0.0,0.21427335,0.0,0.904002,0.0,1.6054839,0.0,0.46316153,0.0
0.0,0.024930226,0.0,0.1364702,0.116510786,0.0,0.08969752,0.3825594,0.0,0.0,0.0,0.0,0.35869688,0.12128296,0.0,0.0,0.6670947,0.42083126,0.69215536,1.7813332,0.0,0.0,0.0,0.44139296,0.0,0.0,0.0,0.0,0.0,0.039385434,0.0670583,0.07079454,1.4285848,0.0,0.0,0.12611462,1.4553146,0.66698396,0.012664678,0.0,0.0,0.19350426,0.5369654,1.1712523,0.0,0.0,0.0,0.0,0.0,0.0,0.22299331,0.0,0.7284097,0.0,0.55116415,0.0,0.073398285,0.0,0.0,0.0,0.87564355,0.0,0.0,0.0,0.0,0.0,0.0,1.6184301,0.0,0.0,0.0,1.2959296,0.0,0.0,0.0,0.0,0.0,0.0,0.0,0.13355532,0.0,0.0,0.0,0.52589566,0.5309174,0.11602129,0.5047217,0.0,2.5916874,0.04530118,0.14648883,0.0,0.0,0.97643554,0.0,0.27397284,0.0,0.0,0.0,0.15556939,0.0,0.0,0.0,0.0,0.0,0.0,0.0,0.09132368,0.0,0.91008776,0.0,0.282441,0.0,0.0,0.043108404,0.0,0.6964596,0.0,0.0,0.0,0.0,0.05834126,0.057819344,0.48748767,1.1928158,0.14587301,0.11886202,0.0,0.37235984,0.0,0.06068478,0.35107666,0.0,0.0,0.0,0.0,0.04662193,0.0,0.45192227,0.0,0.0,0.0,0.0,0.0,0.0,0.13115312,0.722976,0.0,0.2828832,0.5501332,0.0,0.0,0.17012064,0.0,0.0,0.0,0.0,0.0,0.0,0.012151855,0.0,14.122878,0.0,0.0,0.25524122,0.0,0.0,0.021974666,0.07093838,0.0,0.0,0.115656756,0.0,1.6081474,0.0,0.0,0.43074504,0.0,1.8746656,0.20621136,0.0,0.96697307,0.0,0.0,0.0,0.7054194,0.0,0.0,0.0,0.09747714,0.0,0.1442541,0.0,0.0,0.0,0.0,2.7292485,0.0,0.0,0.0,0.0,1.7597427,0.0,0.6044235,0.0,0.0,0.0,0.0,0.4871755,0.28444082,0.0,0.0,0.0,0.16788891,0.0,0.0,0.043325946,0.0,0.0,0.0,0.19329959,0.0,0.0,0.0,0.0,0.39741504,0.0,0.0,0.0,0.3248568,0.04409031,0.37318647,0.0,0.38496587,0.7332981,0.0,0.003961485,0.0,0.0,0.0,0.40113413,0.0,0.0,0.48798272,0.04646519,0.0,1.2074605,0.0,0.0,0.014924558,0.37866822,0.0,0.47241053,0.0020787017,0.53287137,0.0
0.0,1.3908716,0.0,0.0,0.31854996,0.0,0.035232298,0.14371279,0.0,0.0,0.0,0.024845934,0.0015117801,0.23719776,0.0,0.0,0.37559256,0.3421623,0.38194957,1.3343542,0.0,0.0,0.0,0.46576828,0.0,0.0,0.0,0.08256057,0.0,0.37035877,0.64342886,1.7227422,1.7080592,0.09759148,0.0,0.078371406,1.7701409,0.30374503,1.1462756,0.0,0.0,0.2908277,0.75923765,2.0997827,0.0,0.10865223,0.0,0.0,0.60503,0.0,0.019950215,0.0,1.9678857,0.0,0.8742553,0.0,1.0700055,0.0,0.0,0.09758558,1.6574732,0.0,0.0,0.0,0.0,0.0,0.11422121,0.941447,0.0,0.0,0.0,1.4554335,0.0,0.0,0.0,0.0,0.0,0.0,0.0,0.0,0.25780156,0.0,0.0,0.8043021,0.44317552,0.10688887,0.59886813,1.1998986,2.501311,0.0,0.5512259,0.0,0.0,1.0411284,0.0,0.17213465,0.0,0.0,0.0,0.6486994,0.0,0.0,0.0,0.0,0.0,0.0,0.0,0.0,0.0,1.7229244,0.0,1.0207984,0.021034071,0.0,0.02429735,0.49954444,1.2311069,0.0,0.0,0.0,0.044737652,0.20526129,0.5963563,0.10326178,1.4839053,0.3441679,0.018549558,0.0,0.34371606,0.0,0.008670974,0.0,0.0,0.31928656,0.0,0.0,0.0,0.0,0.0,0.7752917,0.22676477,0.0,0.0,0.0,0.0,0.0,0.41380045,0.0,2.529059,0.59593856,0.0,0.0,0.0,0.095071204,0.0,0.0,0.090237096,0.0,0.0,0.0,0.0,8.34097,0.0,0.0,1.2050104,0.0,0.0,0.07675305,0.09904371,0.0,0.0,0.0,0.0,2.255349,0.0,0.0,0.0,0.036386475,0.7165942,0.23836783,0.0,0.7466241,0.0,0.0,0.28635994,2.4036179,0.0,0.0,0.0,0.6873456,0.0,0.0,0.0,0.0,0.0,0.0,2.416618,0.0,0.0,0.0,0.0,1.2837487,0.0,1.0821985,0.0,0.078009285,0.021064704,0.0,1.2709866,0.798494,0.0,0.0,0.0,0.48585775,0.0,0.03919147,0.1923911,0.0,0.19443807,0.0,0.0,0.0,0.0,0.0,0.0,0.22943725,0.0,0.23356216,0.018185657,0.5451803,0.34918138,1.0817331,0.0,1.1177801,2.7258995,0.0,0.0,0.06290948,0.0,0.0,0.95555437,0.0,0.0,0.7291271,0.0,0.0,1.370903,0.0,0.2963916,0.0,1.2144531,0.0,2.694867,0.015319707,0.25667834,0.0
0.0,0.0,0.0395818,0.092123635,0.0,0.0,0.0,0.800839,0.0,0.0,0.11830073,0.0,0.3035205,0.0,0.0,0.0,0.97122383,0.09509179,0.63331836,1.4002782,0.0,0.0,0.0,0.3869618,0.098662905,0.0,0.09198343,0.0,0.0,0.0,0.0,0.0,0.655555,0.0,0.0,0.0,0.30677927,0.6166009,0.0,0.0,0.0,0.0008163277,0.05575241,0.0,0.7639634,0.0,0.0,0.0,0.0,0.0,0.36239064,0.0019914964,0.0,0.0,0.0,0.0,0.0,0.0,0.0,0.0,0.0,0.0,0.0,0.0,0.0,0.0,0.0,1.6989992,0.0,0.018331103,0.0,0.72986543,0.0649948,0.54783165,0.0,0.0,0.0,0.0,0.0,1.2074888,0.0,0.0,0.0,0.2338074,0.23137331,0.0,0.038699225,0.0,1.494434,0.22450256,0.0,0.0,0.0,0.34976813,0.0,0.0,0.0,0.0,0.0,0.0,0.0,0.19232263,0.0,0.0,0.0,0.0,0.0,0.7728713,0.30358914,0.0,0.0,0.0,0.0,0.0,0.0,0.0,0.0,0.0,0.2299438,0.0,0.0,0.042929307,0.0,0.81975573,0.77522385,0.063205,0.0140072685,0.0,0.137867,0.0,0.0,0.7503976,0.0,0.0,0.39727378,0.5875304,0.74570036,0.30781445,0.71493727,0.0,0.0,0.0,0.0,0.11027789,0.0,0.77499497,0.52641916,0.0,0.0,0.05359142,0.2885002,0.0,0.07927277,0.0,0.0,0.0,0.0,0.0,0.0,0.0,0.0,15.550503,0.0,0.0,0.0,0.0,0.0,0.0,0.0,0.0,0.0,0.5360771,0.0,0.27500585,0.0,0.0,0.9393101,0.0,2.0622535,0.0,0.0,0.4745168,0.06256586,0.0,0.0,0.0,0.6085732,0.0,0.0,0.0,0.0,1.1744143,0.16777906,0.0,0.0,0.0,2.0249434,0.0,0.0,1.3409021,0.0,2.0038507,0.0,0.0,0.13585618,0.0,0.0,0.9434862,0.0,0.0,0.0,0.0,0.6755669,0.0,0.5273578,0.0,0.0,0.0,0.0,0.0,0.0,0.0,0.0,0.0,0.0,0.045546584,0.0,0.0,0.0,0.09214509,0.0,0.0,0.0,0.0,0.0,0.0,0.8594712,0.0,1.0118774,0.0,0.0,0.0,0.4158531,0.0,1.2703906,0.0,0.7159702,0.0,0.0,0.5836284,0.0,0.0,0.0,0.0,0.4837115,0.0
0.0,1.490773,0.0,0.0,0.2382511,0.0,0.0,0.23012315,0.0,0.0,0.0,0.08642362,0.0,0.046186462,0.0,0.0,0.40758657,0.24744189,0.267033,1.2001561,0.0,0.0,0.0,0.43351308,0.0,0.0,0.0,0.1563622,0.0,0.35454816,0.80157715,1.8959063,1.8268095,0.036762808,0.0,0.002315993,1.7543594,0.34920874,1.3749311,0.0,0.0,0.33251595,0.81984836,2.2647297,0.0,0.058114372,0.0,0.0,0.7312259,0.0,0.0017807689,0.0,1.9813277,0.0,0.8845558,0.0,1.117853,0.0,0.0,0.11780271,1.5565357,0.0,0.0,0.0,0.0,0.0,0.03245801,0.99352705,0.0,0.0,0.0,1.4811872,0.0,0.0,0.0,0.0,0.0,0.0,0.0,0.0,0.3315526,0.0,0.0,0.9048748,0.31900623,0.02844693,0.5787857,1.4096335,2.474598,0.0,0.69341964,0.0,0.0,1.1566238,0.0,0.0,0.0,0.0,0.0,0.80968285,0.0,0.0,0.0,0.0,0.06363223,0.0,0.0,0.0,0.0,1.8024675,0.0,1.250312,0.022708997,0.0,0.042161915,0.4699053,1.1872296,0.0,0.0,0.0,0.0,0.091765404,0.66128516,0.22083461,1.6497945,0.43520492,0.0,0.0,0.3350906,0.0,0.0,0.0,0.0,0.2166107,0.0,0.0,0.0,0.0,0.0,0.7594312,0.15852736,0.0,0.0,0.0,0.0,0.0,0.41078904,0.0,2.659489,0.6060804,0.0,0.0,0.0,0.1077445,0.00863294,0.0,0.14577112,0.0,0.0,0.0,0.0,7.194964,0.0,0.0,1.2871672,0.0,0.0,0.044793524,0.0022882312,0.0,0.0,0.0,0.0,2.3583748,0.0,0.0,0.0,0.0,0.48791566,0.24897699,0.0,0.5974418,0.0,0.0,0.31535777,2.359884,0.0,0.0,0.0,0.712331,0.0,0.0,0.0,0.0,0.0,0.0,2.3691227,0.0021082943,0.0,0.0,0.032704815,1.480156,0.0,1.1041201,0.0,0.032382444,0.0,0.0,1.5421735,0.7012327,0.0,0.0,0.0,0.46649948,0.0,0.020561699,0.14446157,0.0,0.18858905,0.0,0.0,0.0,0.0,0.0,0.0,0.1822542,0.0,0.12926504,0.0,0.54796135,0.43683028,1.2131063,0.090778776,1.2661481,3.071985,0.1724916,0.0,0.019629655,0.0,0.017633267,1.0540665,0.0,0.0,0.7903628,0.0,0.0,1.4248815,0.0,0.24769701,0.0,1.3805845,0.0,2.9172804,0.0,0.22278218,0.0
0.0,1.0407826,0.0,0.0,0.25140086,0.0,0.07734062,0.15614733,0.0,0.0,0.0,0.097767934,0.13225383,0.18447559,0.0,0.0,0.34567723,0.46407688,0.5717739,1.519167,0.0,0.0,0.0,0.5223991,0.0,0.0,0.02453199,0.06180177,0.0,0.28039524,0.58801144,1.2546436,1.7213372,0.10862499,0.0,0.19913575,1.8647923,0.38218355,0.8417728,0.0,0.0,0.24358697,0.9121918,1.8692248,0.0,0.078619234,0.0,0.0,0.40579414,0.0,0.08249627,0.0,1.5456848,0.0,0.82117295,0.0,0.7707312,0.0,0.0,0.16538228,1.4264873,0.0,0.0,0.0,0.0,0.0,0.06621439,1.2639064,0.0,0.0,0.0,1.5203569,0.0,0.0,0.0,0.0,0.0,0.0,0.0,0.0,0.12486349,0.0,0.0,0.6700056,0.5979997,0.0945025,0.69174796,0.79692763,2.8376787,0.0,0.39414924,0.0,0.0,0.97567856,0.0,0.38088465,0.0,0.0,0.0,0.50666416,0.0,0.0,0.0,0.0,0.015656514,0.0,0.0,0.0,0.0,1.5548527,0.0,0.8924104,0.0,0.0,0.052569933,0.2769745,1.1463751,0.0,0.0,0.0,0.0,0.11345065,0.4470818,0.16520405,1.39994,0.34989133,0.0822565,0.0,0.3537059,0.0019409709,0.01665857,0.0,0.0,0.23276345,0.0,0.0,0.0,0.0,0.042883903,0.5515045,0.1291036,0.0,0.0,0.0,0.0,0.0,0.5420877,0.0,1.9054165,0.71114075,0.0,0.0,0.0,0.022489125,0.0,0.0,0.071954146,0.0,0.0,0.0,0.0,10.092539,0.0,0.0,0.9858401,0.0,0.0,0.057687547,0.1326183,0.0,0.0,0.0,0.0,2.1540432,0.0,0.0,0.0,0.0,1.1937084,0.21272379,0.0,0.77191675,0.0,0.0,0.23853338,1.9953098,0.0,0.0,0.0,0.62082857,0.0,0.0,0.0,0.0,0.0,0.0,2.6096134,0.0,0.0,0.0,0.02479627,1.4245975,0.0,0.90538573,0.0,0.0,0.0,0.0,1.1748265,0.71169907,0.0,0.0,0.0,0.4273841,0.0,0.0,0.08056571,0.0,0.23348258,0.0,0.100975394,0.0,0.0,0.0,0.0,0.33251342,0.0,0.12956151,0.0,0.5095363,0.2985221,0.94620496,0.053948924,0.929932,2.1817448,0.024006993,0.0,0.05933095,0.0,0.010293364,0.862727,0.0,0.0,0.7199211,0.0,0.0,1.3565904,0.0,0.23411196,0.0,1.0281885,0.0,2.158477,0.0,0.32189205,0.0
0.0,0.0,0.0,0.28398988,0.12619546,0.0,0.08426478,0.26018336,0.0,0.0,0.0,0.0,0.40126017,0.05428376,0.0,0.0,0.4680291,0.4830846,0.98494816,1.8074555,0.0,0.0,0.0,0.41659567,0.0,0.0,0.019954607,0.0,0.0,0.0,0.033589803,0.0,1.0830607,0.0,0.0,0.28951013,1.394218,0.42483863,0.0,0.0,0.0,0.0,0.59527785,0.69290406,0.08929187,0.0,0.0,0.0,0.0,0.0,0.35662067,0.0,0.23608439,0.0,0.5115556,0.0,0.0,0.0,0.0,0.0,0.8922923,0.0,0.0,0.0,0.0,0.0,0.0,1.7094685,0.0,0.0027154053,0.0,1.0695798,0.0,0.0,0.0,0.0,0.0,0.0,0.037673134,0.30953428,0.0,0.0,0.0,0.19390453,0.722328,0.07633538,0.54991674,0.0,2.6537626,0.102604665,0.0,0.0,0.0,0.8298251,0.0,0.63807935,0.0,0.0,0.0,0.07051921,0.0,0.0,0.0,0.0,0.0,0.0,0.0,0.06559158,0.0,0.6457607,0.0,0.0,0.0,0.26856512,0.06420089,0.0,0.6164912,0.0,0.0,0.0,0.0,0.031041333,0.0,0.3868135,0.7595684,0.12309332,0.18226855,0.0,0.52596796,0.0,0.16378082,0.7280226,0.05260193,0.0,0.0,0.0,0.13782015,0.0,0.6159247,0.0,0.0,0.0,0.0,0.0,0.0,0.106640145,0.7096087,0.0,0.0,0.6307514,0.0,0.0,0.2226097,0.0,0.0,0.013734382,0.0,0.0,0.0,0.20064147,0.0,14.894687,0.0,0.0,0.040549807,0.0,0.0,0.0,0.090178706,0.0,0.0,0.21439654,0.0,1.2341272,0.0,0.0,0.5350197,0.0,2.118333,0.24957146,0.0,0.7637526,0.0,0.0,0.0,0.2934325,0.0,0.0,0.0,0.0,0.0,0.18698774,0.0,0.0,0.0,0.0,2.473915,0.0,0.09926609,0.0,0.0,1.2334535,0.0,0.424504,0.0,0.0,0.0,0.0,0.25419435,0.17876565,0.0,0.0,0.0,0.083747484,0.0,0.0,0.0,0.0,0.0,0.0,0.47780836,0.0,0.0,0.0,0.0,0.61661744,0.0,0.017276064,0.0,0.07668475,0.0,0.0023843008,0.0,0.041464064,0.12487907,0.0,0.08471878,0.0,0.0,0.0,0.21487589,0.0,0.0,0.51158,0.0,0.0,0.9269296,0.0,0.0,0.2293032,0.1782042,0.0,0.0,0.16174299,0.5276331,0.0
0.0,0.0,0.0,0.0479975,0.051765215,0.0,0.0,0.63336664,0.0,0.0,0.0,0.0,0.20243704,0.0,0.0,0.0,0.7315788,0.31087768,0.7639423,1.789714,0.0,0.0,0.0,0.46601224,0.0,0.0,0.08486353,0.0,0.0,0.0,0.15390214,0.0,1.3576891,0.0,0.0,0.16310158,1.1490419,0.6134928,0.025270972,0.0,0.0,0.033079192,0.3947557,0.8589735,0.0,0.025836881,0.0,0.0,0.0,0.0,0.34266084,0.0,0.40627632,0.0,0.47481015,0.0,0.0,0.0,0.0,0.0,0.7324366,0.0,0.0,0.0,0.0,0.0,0.0,1.7249781,0.0,0.0,0.0,1.2819496,0.0,0.0,0.0,0.0,0.0,0.0,0.0,0.24946433,0.0,0.0,0.0,0.39211032,0.4828597,0.039654918,0.4290851,0.0,2.547244,0.0,0.06372931,0.0,0.0,0.90807605,0.0,0.053910308,0.0,0.0,0.0,0.13881607,0.0,0.0,0.0,0.0,0.0,0.0,0.0,0.1573378,0.0,0.6243547,0.0,0.11880298,0.0,0.0,0.0,0.0,0.56243277,0.0,0.0,0.0,0.0,0.054135077,0.15323138,0.6425578,1.2111688,0.16601372,0.0686237,0.0,0.48425344,0.0,0.04457052,0.34683773,0.0,0.0,0.0,0.0,0.22851442,0.0,0.4205625,0.0,0.0,0.0,0.0,0.0,0.0,0.31376898,0.5832025,0.0,0.0,0.45567748,0.0,0.0,0.13677418,0.0,0.0,0.0,0.0,0.0,0.0,0.0,0.0,14.766119,0.0,0.0,0.17334895,0.0,0.0,0.0,0.062385976,0.0,0.0,0.20583501,0.0,1.4948723,0.0,0.0,0.48289958,0.0,1.8627297,0.041028883,0.0,0.92710394,0.0,0.0,0.0,0.3073725,0.10625526,0.0,0.0,0.00357183,0.0,0.45445412,0.0,0.0,0.0,0.0,2.7065187,0.0,0.0,0.0,0.009425505,1.8733364,0.0,0.42384294,0.0,0.0,0.0,0.25095028,0.32599244,0.13698782,0.0,0.0,0.0,0.14992195,0.0,0.0,0.0,0.0,0.0,0.0,0.23251194,0.0,0.0,0.0,0.0,0.4425064,0.0,0.06624186,0.0,0.14185818,0.0,0.21775776,0.0,0.2022434,0.39531344,0.0,0.06219264,0.0,0.0,0.0,0.27959853,0.0,0.0,0.26922348,0.24933676,0.0,1.2688584,0.0,0.0,0.065164454,0.348805,0.0,0.03214465,0.0,0.49733505,0.0
0.0,0.0,0.24245179,0.8889197,0.0,0.0,0.38141352,0.0,0.0,0.09696617,0.0,0.0,0.88507986,0.0,0.0,0.0,0.0,0.7134687,1.371871,1.606831,0.0,0.10817317,1.2642354,0.18938927,0.0,0.0,0.0,0.0,0.0,0.0,0.0,0.0,0.053180527,0.0,0.45316404,0.486122,1.1461871,0.15090851,0.0,0.19654128,0.0,0.0,0.91900057,0.0,1.0502964,0.0,0.0,0.0,0.0,0.0,0.4623246,0.0,0.0,0.4284077,0.3292756,0.27710128,0.0,0.0,0.23422675,0.0,0.3191221,0.0,0.931297,0.0,0.72280407,0.0,0.0,1.5998935,0.0,0.30552536,0.0,0.38703102,0.427141,0.44869128,0.0,0.0,0.0,0.0,1.559944,1.0230503,0.0,0.0,0.0,0.0,1.044055,0.22384004,0.70280457,0.0,2.1761754,0.62608963,0.0,0.0,0.0,0.2728943,0.0,1.7048986,0.0,0.0,0.0,0.0,0.0,0.0,0.0,0.0,0.0,0.0,0.0,0.31332195,0.0,0.0,0.0,0.0,0.11066061,0.7602581,0.26411492,0.0,0.20741726,0.0,0.0,0.0,0.0,0.0,0.0,0.0,0.0,0.0,0.3906515,0.0031664714,0.4275015,0.0,0.17311408,1.7831023,0.7553122,0.0,0.44974998,0.11999937,0.18802054,0.26674178,1.1143088,0.0,0.0,0.0,0.0023535213,0.04939312,0.0,0.0,0.85194933,0.0,0.0,0.76213235,0.3477908,0.0,0.51780814,0.0,0.0,1.155487,0.0,0.0,0.0,0.88938385,0.0,13.621421,0.0,0.0,0.0,0.0,0.0,0.0,0.05774442,0.0,0.0,0.5012897,0.0,0.0,0.0,0.0,0.95261174,0.0,2.6762798,0.7409971,0.0,0.2864604,0.6738141,0.0,0.0,0.0,0.0,0.0,0.0,0.0,0.041948915,0.33340633,0.0,0.0,0.0,0.0,1.4356017,0.0,0.6764555,0.0,0.0,0.0,0.017377198,0.0,0.1531579,0.0,0.0,0.0,0.0,0.0,0.0,0.0,0.098752216,0.0,0.6970987,0.0,0.0,0.0,0.0,0.0,1.091923,0.0,0.0,0.0,0.0,0.74031013,0.0,0.0,0.0,0.0,0.0,0.0,0.0,0.0,0.0,0.0,0.6930193,0.0,0.49518815,0.0,0.0,0.0,1.3361665,0.595717,0.0,0.0,0.0,0.0,0.0,1.0540482,0.0,0.0,0.0,0.54113376,0.5571015,0.0
0.0,0.0,0.118114576,0.2987215,0.0,0.0,0.0,0.5889272,0.0,0.0,0.1442409,0.0,0.44062412,0.0,0.0,0.0,0.7806984,0.18001905,0.7741212,1.5124273,0.0,0.0,0.1657825,0.37261662,0.10193916,0.0,0.06844659,0.0,0.0,0.0,0.0,0.0,0.51657706,0.0,0.0,0.05997959,0.42245126,0.60103554,0.0,0.18828464,0.0,0.0,0.172586,0.0,0.90544516,0.0,0.0,0.0,0.0,0.0,0.44740924,0.042865045,0.0,0.049134076,0.0,0.0,0.0,0.0,0.09500859,0.0,0.0,0.0,0.04505464,0.0,0.08538279,0.0,0.0,1.6545799,0.0,0.07880574,0.0,0.50736386,0.12846139,0.7289998,0.0,0.0,0.0,0.0,0.35911426,1.2469094,0.0,0.0,0.0,0.0,0.36248356,0.0,0.1787119,0.0,1.5764351,0.32967195,0.0,0.0,0.0,0.3539313,0.0,0.23926459,0.0,0.0,0.0,0.0,0.0,0.084872924,0.0,0.0,0.0,0.0,0.0,0.8462251,0.24194826,0.0,0.0,0.0,0.0,0.09759596,0.0,0.0,0.0,0.0,0.13941763,0.0,0.0,0.0,0.0,0.74723154,0.49592024,0.0,0.069537304,0.0,0.28369033,0.0,0.0,1.1301417,0.0061742477,0.0,0.4350062,0.53783596,0.6935182,0.29905695,0.81293637,0.0,0.0,0.0,0.0,0.0066174474,0.0,0.63304764,0.52989316,0.0,0.0,0.1354262,0.35047007,0.0,0.26777124,0.0,0.0,0.17128101,0.0,0.0,0.0,0.07491148,0.0,15.291337,0.0,0.0,0.0,0.0,0.0,0.0,0.0,0.0,0.0,0.6335897,0.0,0.06884619,0.0,0.0,1.0016705,0.0,2.0830867,0.06696111,0.0,0.37075505,0.14555232,0.0,0.0,0.0,0.44124994,0.0,0.0,0.0,0.0,1.1378689,0.047747172,0.0,0.0,0.0,1.8412207,0.0,0.067370936,1.1593609,0.0,1.5768193,0.0,0.0,0.18478766,0.0,0.0,0.6897054,0.0,0.0,0.0,0.0,0.6406101,0.0,0.71782285,0.0,0.0,0.0,0.0,0.0,0.17736112,0.0,0.0,0.0,0.0,0.1844157,0.0,0.0,0.0,0.0,0.0,0.0,0.0,0.0,0.0,0.0,0.93557614,0.0,0.9418678,0.0,0.0,0.0,0.7061618,0.15604563,1.1798579,0.0,0.51754385,0.0,0.0,0.8747059,0.0,0.0,0.0,0.0,0.5089684,0.0
0.0,0.0,0.0,0.37848166,0.06548079,0.0,0.167405,0.20192116,0.0,0.0,0.0,0.0,0.46908292,0.030169277,0.0,0.0,0.48908636,0.48778862,0.9313739,1.8299446,0.0,0.0,0.078597166,0.4070371,0.0,0.0,0.0,0.0,0.0,0.0,0.0,0.0,0.9940299,0.0,0.035270236,0.25892025,1.3289733,0.4473307,0.0,0.0,0.0,0.040081687,0.62596923,0.6607814,0.15937117,0.013468021,0.0,0.0,0.0,0.0,0.35648707,0.0,0.19765976,0.0,0.48287404,0.0,0.0,0.0,0.0,0.0,0.8211688,0.0,0.0,0.0,0.0,0.0,0.0,1.61105,0.0,0.027529813,0.0,1.0491679,0.0,0.0,0.0,0.0,0.0,0.0,0.1905855,0.3814956,0.0,0.0,0.0,0.119025216,0.7308463,0.11452456,0.5057684,0.0,2.6094112,0.15294099,0.0,0.0,0.0,0.7579241,0.0,0.73095065,0.0,0.0,0.0,0.034261186,0.0,0.0,0.0,0.0,0.0,0.0,0.0,0.10772683,0.0,0.62385833,0.0,0.0,0.027620869,0.25516686,0.09768265,0.0,0.5865126,0.0,0.0,0.0,0.0,0.00065343967,0.0,0.33021623,0.68904555,0.0061567547,0.26755056,0.0,0.55559295,0.0,0.15789811,0.7691717,0.13737035,0.0,0.0,0.0,0.105232805,0.0,0.6359262,0.0,0.0,0.0,0.0,0.0,0.0,0.118874446,0.7207949,0.0,0.0,0.61584,0.0,0.0,0.22254151,0.0,0.0,0.18957677,0.0,0.0,0.0,0.32075658,0.0,14.997436,0.0,0.0,0.0,0.0,0.0,0.0,0.082469776,0.0,0.0,0.26954985,0.0,1.0582194,0.0,0.0,0.6041705,0.0,2.1456542,0.33730265,0.0,0.7417896,0.0,0.0,0.0,0.24373974,0.0,0.0,0.0,0.0,0.0,0.21216235,0.0,0.0,0.0,0.0,2.4275725,0.0,0.15619835,0.0,0.0,1.1584841,0.0,0.39363036,0.0,0.0,0.0,0.0,0.1624584,0.15560332,0.0,0.0,0.0,0.07452155,0.0,0.0,0.0,0.0,0.0,0.0,0.5281229,0.0,0.0,0.0,0.0,0.6179863,0.0,0.0,0.0,0.076978505,0.0,0.0,0.0,0.054014776,0.037660513,0.0,0.1380433,0.0,0.0,0.0,0.1637476,0.0,0.058796205,0.5635598,0.0,0.0,0.86682713,0.0,0.0,0.25147167,0.13274632,0.0,0.0,0.20191917,0.47704265,0.0
0.0,0.0,0.016532276,0.11119796,0.0,0.0,0.0,0.7651927,0.0,0.0,0.10246216,0.0,0.33413157,0.0,0.0,0.0,0.927528,0.16320427,0.6569961,1.5308962,0.0,0.0,0.0,0.40392494,0.09901648,0.0,0.1375252,0.0,0.0,0.0,0.0,0.0,0.797924,0.0,0.0,0.008450954,0.47053403,0.7499346,0.0,0.0,0.0,0.028091691,0.103447184,0.0,0.64816195,0.0,0.0,0.0,0.0,0.0,0.37945533,0.044196963,0.0,0.0,0.03676162,0.0,0.0,0.0,0.02432855,0.0,0.0,0.0,0.0,0.0,0.0,0.0,0.0,1.761529,0.0,0.0,0.0,0.7815916,0.03091131,0.45411965,0.0,0.0,0.0,0.0,0.0,1.1025658,0.0,0.0,0.0,0.1276163,0.28990206,0.0,0.12988807,0.0,1.731035,0.17780367,0.0,0.0,0.0,0.48932803,0.0,0.0,0.0,0.0,0.0,0.0,0.0,0.17400974,0.0,0.0,0.0,0.0,0.0,0.7526678,0.28551385,0.0,0.0,0.0,0.0,0.0,0.0,0.0,0.0,0.0,0.16150077,0.0,0.0,0.0,0.0,0.83598274,0.85391355,0.05887316,0.08252496,0.0,0.20337567,0.0,0.0,0.79173595,0.0,0.0,0.30131277,0.54869646,0.60475063,0.267247,0.6960235,0.0,0.0,0.0,0.0,0.004600357,0.0,0.6931876,0.5115862,0.0,0.0,0.16170898,0.25116053,0.0,0.20747326,0.0,0.0,0.0,0.0,0.0,0.0,0.0,0.0,15.5803995,0.0,0.0,0.0,0.0,0.0,0.0,0.0,0.0,0.0,0.4879058,0.0,0.44950888,0.0,0.0,0.8854347,0.0,2.008228,0.0,0.0,0.5305059,0.048244067,0.0,0.0,0.0,0.48597473,0.0,0.0,0.0,0.0,1.1563171,0.1443331,0.0,0.0,0.0,2.1543067,0.0,0.0,1.1160846,0.036539048,2.0257947,0.0,0.0,0.034828365,0.0,0.0,0.8503601,0.0,0.0,0.0,0.0,0.51366377,0.0,0.43820396,0.0,0.0,0.0,0.0,0.0,0.0,0.0,0.0,0.0,0.0,0.11126636,0.0,0.0,0.0,0.12994507,0.0,0.0,0.0,0.0,0.0,0.0,0.6917235,0.0,0.9202318,0.0,0.0,0.0,0.2543511,0.028441798,1.1336745,0.0,0.8414416,0.0,0.0,0.59082633,0.0,0.0,0.0,0.0,0.5190301,0.0
0.0,0.0,0.0,0.116333745,0.0,0.0,0.0,0.79293066,0.0,0.0,0.10902726,0.0,0.32101646,0.0,0.0,0.0,0.94796365,0.15785092,0.7079445,1.6915656,0.0,0.0,0.0,0.49739772,0.034974225,0.0,0.099271655,0.0,0.0,0.0,0.0,0.0,1.0565101,0.0,0.0,0.025830489,0.6976261,0.6881554,0.0,0.0,0.0,0.03775195,0.17089352,0.37903807,0.48847824,0.0,0.0,0.0,0.0,0.0,0.4384043,0.0,0.0,0.0,0.16557777,0.0,0.0,0.0,0.0,0.0,0.14058134,0.0,0.0,0.0,0.0,0.0,0.0,1.7282654,0.0,0.0,0.0,0.9571906,0.0,0.13443631,0.0,0.0,0.0,0.0,0.0,0.87930447,0.0,0.0,0.0,0.23294228,0.3381668,0.0,0.19761448,0.0,2.0124805,0.05893813,0.0,0.0,0.0,0.629264,0.0,0.04354327,0.0,0.0,0.0,0.0,0.0,0.08139425,0.0,0.0,0.0,0.0,0.0,0.61729264,0.1332736,0.14924957,0.0,0.0,0.0,0.0,0.0027133892,0.0,0.1438748,0.0,0.10099233,0.0,0.0,0.0,0.0,0.86379176,1.0232812,0.083545476,0.013042437,0.0,0.35221574,0.0,0.0,0.734295,0.0,0.0,0.14755929,0.37817574,0.5400687,0.12167547,0.5842112,0.0,0.0,0.0,0.0,0.0,0.0,0.62493795,0.5517057,0.0,0.0,0.19082929,0.10145513,0.0,0.14079055,0.0,0.0,0.0,0.0,0.0,0.0,0.0,0.0,15.524596,0.0,0.0,0.0,0.0,0.0,0.0,0.0,0.0,0.0,0.4776296,0.0,0.8403431,0.0,0.0,0.74858415,0.0,1.9113238,0.0,0.0,0.6707532,0.0,0.0,0.0,0.0,0.34283698,0.0,0.0,0.0,0.0,0.9987924,0.043897122,0.0,0.0,0.0,2.340726,0.0,0.0,0.8744876,0.0,2.0910559,0.0,0.060938265,0.0,0.0,0.0,0.7265543,0.0,0.0,0.0,0.0,0.44459507,0.035572477,0.2463636,0.0,0.0,0.0,0.0,0.0,0.084965244,0.0,0.0,0.0,0.0,0.21798296,0.0,0.0,0.0,0.092057414,0.0,0.0,0.0,0.0,0.0,0.0,0.5365502,0.0,0.6441817,0.0,0.003175141,0.0,0.072507694,0.25798252,0.93982273,0.0,1.047965,0.0,0.0,0.5502303,0.0,0.0,0.0,0.0,0.51090074,0.0
